Year,Name,Location
2020,Galen Rupp,"Portland, OR"
2020,Leonard Korir,"Colorado Springs, CO"
2020,Scott Fauble,"Flagstaff, AZ"
2020,Jared Ward,"Mapleton, UT"
2020,Jake Riley,"Boulder, CO"
2020,Jerrell Mock,"Fort Collins, CO"
2020,Andrew Bumbalough,"Portland, OR"
2020,Matthew McDonald,"Atlanta, GA"
2020,Matthew Llano,"Flagstaff, AZ"
2020,Scott Smith,"Flagstaff, AZ"
2020,Abdi Abdirahman,"Tucson, AZ"
2020,Brendan Gregg,"Davis, CA"
2020,Wilkerson Given,"Atlanta, GA"
2020,Elkanah Kibet,"Colorado Springs, CO"
2020,Juan Diego Estrada Constantino,"Flagstaff, AZ"
2020,Tim Ritchie,"Northampton, MA"
2020,Connor McMillan,"Provo, UT"
2020,Bernard Lagat,"Tucson, AZ"
2020,Andrew Colley,"Blowing Rock, NC"
2020,Augustus Maiyo,"Colorado Springs, CO"
2020,Tyler McCandless,"Boulder, CO"
2020,Brogan Austin,"West Des Moines, IA"
2020,Chris Derrick,"Portland, OR"
2020,Kiya Dandena,"Flagstaff, AZ"
2020,Enoch Nadler,"Gainesville, FL"
2020,Andrew Epperson,"Fort Collins, CO"
2020,Anthony Costales,"Salt Lake City, UT"
2020,Joshua Izewski,"Blowing Rock, NC"
2020,Joe Stilin,"Blowing Rock, NC"
2020,Haron Lagat,"Colorado Springs, CO"
2020,Brian Shrader,"Boston, MA"
2020,Tyler Jermann,"Burnsville, MN"
2020,Malcolm Richards,"San Francisco, CA"
2020,Joseph Whelan,"Spring Branch, TX"
2020,Craig Leon,"Eugene, OR"
2020,Christopher Zablocki,"Phoenix, AZ"
2020,Patrick Smyth,"Santa Fe, NM"
2020,Martin Hehir,"Philadelphia, PA"
2020,Jarrett LeBlanc,"Jennings, LA"
2020,Tyler Pennel,"Blowing Rock, NC"
2020,Colin Leak,"Chadds Ford, PA"
2020,Alex Monroe,"Longmont, CO"
2020,Tim Young,"Fredericksburg, VA"
2020,Jonas Hampton,"Newtonville, MA"
2020,Nicolas Montanez,"Mammoth Lakes, CA"
2020,Ryan Miller,"San Antonio, TX"
2020,Nathan Martin,"Jackson, MI"
2020,Ahmed Osman,"Flagstaff, AZ"
2020,Gregory Leak,"Tacoma, WA"
2020,CJ Albertson,"Fresno, CA"
2020,Dan Kremske,"Chicago, IL"
2020,Willie Milam,"Louisville, CO"
2020,Colin Mickow,"Oswego, IL"
2020,Alan Peterson,"Chicago, IL"
2020,Sam Chelanga,"Columbia, SC"
2020,Will Nation,"Austin, TX"
2020,Bijan Mazaheri,"Pasadena, CA"
2020,Craig Hunt,"Flagstaff, AZ"
2020,Kevin Havel,"Chicago, IL"
2020,Tyler Pence,"Springfield, IL"
2020,Johnny Crain,"Blowing Rock, NC"
2020,Danny Docherty,"Richfield, MN"
2020,Nick Caprario,"Kansas City, MO"
2020,Daniel Lennon,"Albany, NY"
2020,Julian Florez,"Albuquerque, NM"
2020,Charles Lawrence,"Rochester Hills, MI"
2020,Tyson Miehe,"Darlington, WI"
2020,Sergio Reyes,"Palmdale, CA"
2020,David Sinclair,"Truckee, CA"
2020,Dathan Ritzenhein,"Rockford, MI"
2020,Austin Bogina,"Lawrence, KS"
2020,Rory Tunningley,"Austin, TX"
2020,Brendan Martin,"New York, NY"
2020,Chris Melgares,"Kansas City, KS"
2020,Jonathan Aziz,"Colorado Springs, CO"
2020,Gregory F Billington,"San Francisco, CA"
2020,Ryan Root,"Iowa City, IA"
2020,Travis Morrison,"South Salt Lake, UT"
2020,Ben Fletcher,"Albuquerque, NM"
2020,Jordan Kyle,"Carmel, IN"
2020,Dylan Belles,"Flagstaff, AZ"
2020,Turner Wiley,"Seattle, WA"
2020,Conner Peloquin,"Seattle, WA"
2020,Matthew Herzig,"Philadelphia, PA"
2020,Dylan Marx,"San Diego, CA"
2020,Rajpaul Pannu,"Oakland, CA"
2020,Austin Roth,"London, England"
2020,Chris Bendtsen,"New York, NY"
2020,Alex Taylor,"Lincoln, MA"
2020,Evan Landes,"Tulsa, OK"
2020,Jeff Seelaus,"Brookline, MA"
2020,Ian Butler,"Lakewood, CO"
2020,Brandon Mull,"Chicago, IL"
2020,Brett Lustgarten,"Chicago, IL"
2020,Jackson Neff,"Charlottesville, VA"
2020,Mitchell Klinger,"Coldwater, MI"
2020,Aaron Fletcher,"Anchorage, AK"
2020,Joe Niemiec,"Greenville, SC"
2020,Zachary Ornelas,"Plymouth, MI"
2020,John (JJ) Santana,"Las Vegas, NV"
2020,Eric Ashe,"Natick, MA"
2020,Patrick Rizzo,"Colorado Springs, CO"
2020,James Wilson,"Lawrence, KS"
2020,Evan Gaynor,"Perrysburg, OH"
2020,Dan Vassallo,"Peabody, MA"
2020,Jason Lynch,"Kaysville, UT"
2020,Dan Harper,"Naperville, IL"
2020,Will Cross,"Longmont, CO"
2020,Ramiro Guillen,"Goleta, CA"
2020,Eric Loeffler,"Apple Valley, MN"
2020,Adam Schroer ,"San Francisco, CA"
2020,Juris Silenieks,"Bath, MI"
2020,Mason Frank,"Denver, CO"
2020,Tyler Andrews,"Cambridge, MA"
2020,Matt Welch,"Portland, OR"
2020,Patrick Reaves,"Portland, OR"
2020,Kyle Masterson,"Alamosa, CO"
2020,Brian Harvey,"Cambridge, MA"
2020,Nate Guthals,"Olathe, KS"
2020,Mike Sayenko,"Snohomish, WA"
2020,Nicholas Hilton,"Flagstaff, AZ"
2020,Luke Puskedra,"Eugene, OR"
2020,Andy Williams,"Middlebury, IN"
2020,Jared Carson,"Portland, OR"
2020,Tom Nobles,"Cary, NC"
2020,Charles Remillard,"Denver, CO"
2020,Johnny Rutford,"Omaha, NE"
2020,Kurt Roeser,"Boulder, CO"
2020,Steven Martinez,"Augusta, GA"
2020,William Fredericks,"Boise, ID"
2020,Ben Payne,"Colorado Springs, CO"
2020,Chris Chavez,"Burlingame, CA"
2020,Christian Thompson,"Ooltewah, TN"
2020,Matthew McClintock,"Blowing Rock, NC"
2020,Sam Morse,"Camden, NY"
2020,Timothy Chichester,"Hornell, NY"
2020,Adam Wollant,"Bozeman, MT"
2020,Matt Lenehan,"San Francisco, CA"
2020,Kevin Scott Colón,"Seattle, WA"
2020,Will Norris,"Spirit Lake, IA"
2020,Dave Marks,"Denver, CO"
2020,Luke Hickman,"Mentor, OH"
2020,Brandon Johnson,"Longmont, CO"
2020,Evan Schwartz,"Boulder, CO"
2020,Jonathan Phillips,"Boston, MA"
2020,John Dewitt,"West Allis, WI"
2020,Jason Witt,"Columbus, OH"
2020,Duriel Hardy,"Philadelphia, PA"
2020,Chris Boyle,"Denver, CO"
2020,Tyler Underwood,"Chula Vista, CA"
2020,Chris Burnett,"Wichita, KS"
2020,Ryan Smith,"Auburn, ME"
2020,Jack Polerecky,"Flagstaff, AZ"
2020,Zack Beavin,"Lexington, KY"
2020,Mark Messmer,"Issaquah, WA"
2020,Julian DeConcini Heninger,"Portland, OR"
2020,Michael Eaton,"Seattle, WA"
2020,Garret Lee,"Denver, CO"
2020,Mike Deren,"Louisville, KY"
2020,Nick Edinger,"Mars, PA"
2020,Charlie Hurt,"Charlottesville, VA"
2020,Stewart Harwell,"Redondo Beach, CA"
2020,John Crews,"Cary, NC"
2020,Christopher May,"Grand Rapids, MI"
2020,Jonathan Mott,"Lakeland, FL"
2020,Tom Slattery,"New York, NY"
2020,Cheyne Inman,"Torrance, CA"
2020,Argeo Cruz,"Immokalee, FL"
2020,Oscar Medina,"San Francisco, CA"
2020,Patrick Geoghegan,"Portland, OR"
2020,Justin Taylor,"Columbus, OH"
2020,Matt Rand,"Portland, ME"
2020,Nick Golebiowski,"Washington, DC"
2020,Stephen VanGampleare,"Colorado Springs, CO"
2020,Austin O'Brien,"Waukee, IA"
2020,Aaron Dinzeo,"Providence, RI"
2020,Nick French,"Nashville, TN"
2020,Jason Simpson,"Boulder, CO"
2020,Jacob Law,"Louisville, KY"
2020,Nicholas Spector,"Costa Mesa, CA"
2020,Bryant Jensen,"Farr West, UT"
2020,Stan Linton,"Monterrey, CA"
2020,Anthony Tomisch,"Vancouver, BC"
2020,Josh Baden,"Lawrence, KS"
2020,Jacob Andrews,"Troy, NY"
2020,Henry Sterling,"Phoenix, AZ"
2020,Zachary Vaslow,"Greensboro, NC"
2020,Patrick Campbell,"Madison, WI"
2020,Tanner Fruit,"Colorado Springs, CO"
2020,Matthew Blume,"Chicago, IL"
2020,Nathaniel Orndorf,"Akron, OH"
2020,Kyle Wyatt,"Toronto, ON"
2020,Adam Dalton,"Tucson, AZ"
2020,Quinlan Moll,"Kansas City, MO"
2020,Everett Hackett,"Hartford, CT"
2020,Joseph Elsakr,"Nashville, TN"
2020,Caleb Kerr,"Indianapolis, IN"
2020,Ryan Cosens,"Santa Ana, CA"
2020,Robert Murphy,"Warsaw, IN"
2016,Meb Keflezighi,"San Diego, CA"
2016,Dathan Ritzenhein,"Belmont, MI"
2016,Luke Puskedra,"Eugene, OR"
2016,Jeffrey Eggleston,"Boulder, CO"
2016,Robert Curtis,"Rochester Hills, MI"
2016,Elkanah Kibet,"Fayetteville, NC"
2016,Fernando Cabada,"Clovis, CA"
2016,Nick Arciniaga,"Flagstaff, AZ"
2016,Matthew Llano,"Flagstaff, AZ"
2016,Shadrack Biwott,"Mammoth Lakes, CA"
2016,Jared Ward,"Provo, UT"
2016,Jacob Riley,"Rochester, MI"
2016,Sean Quigley,"Lafayette, CO"
2016,Tyler Pennel,"Blowing Rock, NC"
2016,Sergio Reyes,"Los Osos, CA"
2016,Gabriel Proctor,"Mammoth Lakes, CA"
2016,Craig Leon,"Eugene, OR"
2016,Mike Morgan,"Rochester Hills, MI"
2016,Scott Smith,"Flagstaff, AZ"
2016,Timothy Young,"Fredericksburg, VA"
2016,Timothy Ritchie,"Brighton, MA"
2016,Craig Curley,"Tucson, AZ"
2016,Fidele Jefferson,"Flagstaff, AZ"
2016,Tyler McCandless,"Boulder, CO"
2016,Brendan Martin,"Smithtown, NY"
2016,Christopher Zablocki,"Essex, CT"
2016,Nathan Martin,"Concord, MI"
2016,Malcolm Richards,"San Francisco, CA"
2016,Jeremy Freed,"Hillsboro, OR"
2016,Patrick Rizzo,"Colorado Springs, CO"
2016,Juan Carlos Trujilll,"Colorado Springs, CO"
2016,Luke Humphrey,"Rochester Hills, MI"
2016,Nicholas Hilton,"Flagstaff, AZ"
2016,Jesse Cherry,"Oakland, CA"
2016,Eric Loeffler,"Minneapolis, MN"
2016,Tyler Andrews,"Concord, MA"
2016,Sean Brown,"Aurora, CO"
2016,David Laney,"Portland, OR"
2016,Matt Pelletier,"Oneco, CT"
2016,Brian Harvey,"Boston, MA"
2016,Andrew Huebner,"Portsmouth, NH"
2016,Eric Ashe,"Boston, MA"
2016,Chris Chavez,"Burlingame, CA"
2016,Brett Gotcher,"Aptos, CA"
2016,Drew Polley,"Bothell, WA"
2016,Ethan Shaw,"San Diego, CA"
2016,Anthony Migliozzi,"North Canton, OH"
2016,Dan Vassallo,"Peabody, MA"
2016,Max King,"Bend, OR"
2016,Curtis Begley,"Boulder, CO"
2016,John Dewitt,"Oshkosh, WI"
2016,Bret Fransen,"Boulder, CO"
2016,Anthony Costales,"Salt Lake City, UT"
2016,Ryan Cosens,"Santa Ana, CA"
2016,Paul Petersen,"Fort Collins, CO"
2016,Michael Eaton,"Louisville, KY"
2016,Christopher Lemon,"Springfield, OH"
2016,Jesse Davis,"Indianapolis, IN"
2016,Stephan Shay,"Huntington Beach, CA"
2016,Josh Eberly,"Gunnison, CO"
2016,Jonathan Mott,"Babson park, FL"
2016,Brandon Mull,"Chicago, IL"
2016,Matthew Fecht,"Warren, MI"
2016,Zachary Ripley,"Rockford, MI"
2016,Tim Tollefson,"Mammoth Lakes, CA"
2016,Brendan Gregg,"Rochester, MI"
2016,Tyler Jermann,"Flagstaff, AZ"
2016,Mason Frank,"Bloomington, MN"
2016,Benjamin Zywicki,"Louisville, CO"
2016,Bennett Grimes,"Seattle, WA"
2016,Brandon York,"Madison, AL"
2016,Blair Teal,"Charlotte, NC"
2016,Jed Christiansen,"Grove city, PA"
2016,Diego Estrada,"Salinas, CA"
2016,Galen Rupp,"Portland, OR"
2016,Benjamin Bruce,"Flagstaff, AZ"
2016,Jonathan Grey,"Louisville, CO"
2016,Sean Keveren,"Charlottesville, VA"
2016,Scott MacPherson,"Austin, TX"
2016,Samuel Chelanga,"Tucson, AZ"
2016,Patrick Smyth,"Santa Fe, NM"
2016,Ahmed Osman,"Flagstaff, AZ"
2016,Benjamin Payne,"Colorado Springs, CO"
2016,Johnny Crain,"Blowing Rock, NC"
2016,Tyler Mueller,"Madison, WI"
2016,Daniel Kremske,"Eugene, OR"
2016,Griffith Graves,"Blowing Rock, NC"
2016,Josh Dedering,"Minneapolis, MN"
2016,Wilkerson Given,"Greenville, SC"
2016,Joe Moore,"Manhattan, KS"
2016,Augustus Maiyo,"Colorado Springs, CO"
2016,Daniel Tapia,"Mammoth Lakes, CA"
2016,Joseph Gray,"Lakewood, WA"
2016,Matt Daniels,"Evergreen, CO"
2016,Cole Watson,"Rogue River, OR"
2016,Scott Bauhs,"San Luis Obispo, CA"
2016,Jonas Hampton,"New Britain, CT"
2016,Mohamed Hrezi,"Rochester, MI"
2016,Daniel Mercado,"Flagstaff, AZ"
2016,Andrew Epperson,"Northglenn, CO"
2016,Phillip Reid,"San Luis Obispo, CA"
2016,Brett Hales,"Layton, UT"
2016,Chris Kwiatkowski,"Arlingto, VA"
2016,Stephen Pifer,"Superior, CO"
2016,Noah Droddy,"Boulder, CO"
2016,Dustin Emerick,"Evansville, IN"
2016,Jarrett LeBlanc,"The Woodlands, TX"
2016,Brandon Birdsong,"Alamosa, CO"
2016,Isidore Herrera,"Ventura, CA"
2016,Justin Young,"Louisville, CO"
2016,Stephen Furst,"Raleigh, NC"
2016,Matthew Williams,"San Antonio, TX"
2016,Makorobondo Salukombo,"Cleveland, OH"
2016,Mark Leininger,"Greenville, SC"
2016,Arya Bahreini,"Edmond, OK"
2016,Alan Peterson,"Bessemer, MI"
2016,John Raneri,"New Fairfield, CT"
2016,Kevin Havel,"Arlington Hts, IL"
2016,Andrew Weaver,"Baltimore, MD"
2016,Nick Holmes,"Elmhurst, IL"
2016,Max Storms,"Columbia, MO"
2016,Carlos Jamieson,"Washington, DC"
2016,Patrick Reagan,"Savannah, GA"
2016,Christopher Barnicle,"Los Angeles, CA"
2016,Matt Fischer,"Brighton, MA"
2016,Tanner Fruit,"Colorado Springs, CO"
2016,Matthew O'Connor,"Webster Groves, MO"
2016,Raymond McCormack,"Orlando, FL"
2016,Andrew Lesser,"Colorado Springs, CO"
2016,Louis Serafini,"Brighton, MA"
2016,Kevin Castille,"Lafayette, LA"
2016,Thomas Kauffmann,"Cincinnati, OH"
2016,Sean Davidson,"San Luis Obispo, CA"
2016,Everett Hackett,"West Hartford, CT"
2016,Kyle Dawson,"Coatesville, PA"
2016,Ryan Miller,"The Woodlands, TX"
2016,Jacob Sienko,"Warwick, RI"
2016,Anthony Solis,"Barstow, CA"
2016,David Fuentes,"Austin, TX"
2016,Stephen Kersh,"Flagstaff, AZ"
2016,Juan Paredes,"Los Angeles, CA"
2016,Brogan Austin,"Boone, IA"
2016,Samuel Morse,"Camden, NY"
2016,Kieran O'Connor,"Arlington, VA"
2016,Matt Gillette,"Highland Park, NJ"
2016,Christopher Bendtsen,"New York, NY"
2016,Kiya Dandena,"Houston, TX"
2016,Evan Gaynor,"Perrysburg, OH"
2016,Brian Atkinson,"Melbourne Beach, FL"
2016,Jeff Weiss,"Ravenswood, WV"
2016,Zachary Hine,"Dallas, TX"
2016,Paul Katam,"Beaverton, OR"
2016,Thomas Dialynas,"Phoenix, AZ"
2016,Chris Frias,"San Luis Obispo, CA"
2016,Rex Shields,"Springville, UT"
2016,Ricky Flynn,"Greenville, SC"
2016,Dustin Betz,"Schnellville, IN"
2016,Bo Waggoner,"Cambridge, MA"
2016,Jeremy Criscione,"Gainesville, FL"
2016,Rory Tunningley,"Austin, TX"
2016,Gian-Paul Caccia,"New York, NY"
2016,Mike Popejoy,"Flagstaff, AZ"
2016,Tim Chichester,"Mount Morris, NY"
2016,Will Nation,"Austin, TX"
2016,Jordan Kyle,"Indianapolis, IN"
2016,Jacob Kildoo,"South Bend, IN"
2016,John Bleday,"Westwood, MA"
2016,Matthew Sonnenfeldt,"Johnson City, TN"
2012,Meb Keflezighi,"Mammoth Lakes, CA"
2012,Ryan Hall,"Mammoth Lakes, CA"
2012,Abdi Abdirahman,"Tucson, AZ"
2012,Dathan Ritzenhein,"Beaverton, OR"
2012,Brett Gotcher,"Flagstaff, AZ"
2012,Andrew Carlson,"Chaska, MN"
2012,Fernando Cabada,"Boulder, CO"
2012,Nick Arciniaga,"Flagstaff, AZ"
2012,James Carney,"Boulder, CO"
2012,Jimmy Grabow,"Running Springs, CA"
2012,Ryan Vail,"Portland, OR"
2012,Ricky Flynn,"Lynchburg, VA"
2012,Patrick Rizzo,"Boulder, CO"
2012,Josh Cox,"Mammoth Lakes, CA"
2012,Ian Burrell,"Tucson, AZ"
2012,Sean Quigley,"Braintree, MA"
2012,Mike Morgan,"Rochester Hills, MI"
2012,Jason Lehmkuhle,"Minneapolis, MN"
2012,Max King,"Bend, OR"
2012,Michael Reneau,"Saint Paul, MN"
2012,Drew Polley,"Rochester Hills, MI"
2012,Patrick Smyth,"Mammoth Lakes, CA"
2012,Ryan Bak,"Bend, OR"
2012,Daniel Tapia,"Castroville, CA"
2012,Sergio Reyes,"Los Osos, CA"
2012,Craig Leon,"Eugene, OR"
2012,Keith Bechtol,"Palo Alto, CA"
2012,Michael Chavez,"Fort Collins, CO"
2012,Jesse Cherry,"Blowing Rock, NC"
2012,Mikhail Sayenko,"Bellevue, WA"
2012,Zachary Hine,"South Hadley, MA"
2012,Jason Hartmann,"Boulder, CO"
2012,Paul Hefferon,"Rochester Hills, MI"
2012,Stephan Shay,"Huntington Beach, CA"
2012,Drew Shackleton,"San Francisco, CA"
2012,Allen Wagner,"Albuquerque, NM"
2012,Adam MacDowell,"Webster Groves, MO"
2012,Donovan Fellows,"Woodbury, MN"
2012,Brian Ball,"Fillmore, CA"
2012,Chris Erichsen,"Minneapolis, MN"
2012,Jeff Jonaitis,"Tinley Park, IL"
2012,Robert Scribner,"Rochester Hills, MI"
2012,Sage Canaday,"Rochester Hills, MI"
2012,Josh Eberly,"Gunnison, CO"
2012,Leo Kormanik,"Fairlawn, OH"
2012,Tyler Sigl,"Green Bay, WI"
2012,Joshua Ordway,"Bellbrook, OH"
2012,Matthew Forys,"New York, NY"
2012,Charlie Serrano,"Simi Valley, CA"
2012,Tyler McCandless,"Boulder, CO"
2012,Malcolm Richards,"San Francisco, CA"
2012,Alex Crabill,"Boston, MA"
2012,Chris Chavez,"Menlo Park, CA"
2012,Lucas Meyer,"Ridgefield, CT"
2012,Paul Petersen,"Smithfield, UT"
2012,Joe Moore,"Minneapolis, MN"
2012,Michael Eaton,"Bowling Green, KY"
2012,Juan Carlos Trujillo,"Middleton, ID"
2012,Jeremy Criscione,"Bartow, FL"
2012,Jason Ordway,"Bellbrook, OH"
2012,Jed Christiansen,"Greenville, PA"
2012,Michael Wardian,"Arlington, VA"
2012,Jason Flogel,"West Des Moines, IA"
2012,Jordan Horn,"Flagstaff, AZ"
2012,Luke Watson,"State College, PA"
2012,Chris Lundstrom,"Minneapolis, MN"
2012,Clint Verran,"Lake Orion, MI"
2012,Jesse Davis,"Indianapolis, IN"
2012,Jesse Armijo,"Albuquerque, NM"
2012,Crosby Freeman,"San Francisco, CA"
2012,Gian-Paul Caccia,"New York, NY"
2012,Kenyon Neuman,"Boulder, CO"
2012,Matt Levassiur,"Alamosa, CO"
2012,Justin Grunewald,"Merrifield, MN"
2012,C Fred Joslyn,"East Syracuse, NY"
2012,Matthew Fecht,"Warren, MI"
2012,Eric Loeffler,"Fargo, ND"
2012,Ryan Sheehan,"Louisville, KY"
2012,Tim Tollefson,"Roseville, CA"
2012,Scott MacPherson,"Austin, TX"
2012,Jeff Weiss,"Avella, PA"
2012,Christopher Clark,"Blowing Rock, NC"
2012,Chad Johnson,"Lake Orion, MI"
2012,Craig Curley,"Tucson, AZ"
2012,Daniel Browne,"Chula Vista, CA"
2008,Ryan Hall,"Mammoth Lakes, CA"
2008,Dathan Ritzenhein,"Eugene, OR"
2008,Brian Sell,"Rochester Hills, MI"
2008,Khalid Khannouchi,"Ossining, NY"
2008,Jason Lehmkuhle,"Minneapolis, MN"
2008,Daniel Browne,"Beaverton, OR"
2008,Nathaniel Jenkins,"Lowell, MA"
2008,Meb Keflezighi,"San Diego, CA"
2008,Josh Rohatinsky,"Portland, OR"
2008,Jason Hartmann,"Boulder, CO"
2008,Matthew Gonzales,"Albuquerque, NM"
2008,Mike Morgan,"Rochester Hills, MI"
2008,Fasil Bizuneh,"Flagstaff, AZ"
2008,James Carney,"Boulder, CO"
2008,Steve Sundell,"Redwood City, CA"
2008,Christopher Raabe,"Washington, DC"
2008,Nick Arciniaga,"Rochester Hills, MI"
2008,Clint Verran,"Rochester Hills, MI"
2008,Matt Pelletier,"Warwick, RI"
2008,Chad Johnson,"Rochester Hills, MI"
2008,Joshua Ordway,"Dublin, OH"
2008,Jacob Frey,"Oakton, VA"
2008,Joe Driscoll,"Blowing Rock, NC"
2008,John Mentzer,"Monterey, CA"
2008,Allen Wagner,"San Diego, CA"
2008,Patrick Rizzo,"Rochester Hills, MI"
2008,Sergio Reyes,"Los Osos, CA"
2008,Patrick Moulton,"Rochester Hills, MI"
2008,Mikhail Sayenko,"Bellevue, WA"
2008,Donovan Fellows,"Woodbury, MN"
2008,Miguel Nuci,"Turlock, CA"
2008,Michael Reneau,"Rochester Hills, MI"
2008,Macharia Yuot,"Chester, PA"
2008,Dan Sutton,"Madison, WI"
2008,Nicholas Cordes,"Ashland, OH"
2008,Teren Jameson,"Taylorsville, UT"
2008,Chris Lundstrom,"Minneapolis, MN"
2008,Eric Post,"Centreville, VA"
2008,Matthew Folk,"Canfield, OH"
2008,James Lander,"La Habra, CA"
2008,Michael Cox,"Princeton, WV"
2008,Greg Costello,"Chicago, IL"
2008,Luke Humphrey,"Rochester, MI"
2008,John Lucas,"Eugene, OR"
2008,John Service,"San Jose, CA"
2008,Adam Tribble,"Fayetteville, AR"
2008,Todd Snyder,"Shelby Township, MI"
2008,Nick Schuetze,"Portland, OR"
2008,Alan Horton,"Knoxville, TN"
2008,James Nielsen,"Palo Alto, CA"
2008,Robert Cannon,"Toms River, NJ"
2008,Daniel Ellis,"Birmingham, AL"
2008,Paul Petersen,"Logan, UT"
2008,Steve Meinelt,"Winchester, MA"
2008,Christopher Zieman,"Chapel Hill, NC"
2008,Justin Young,"Superior, CO"
2008,Nathan Wadsworth,"Andover, KS"
2008,Konrad Knutsen,"Carmichael, CA"
2008,Steven Moreno,"Oakland, CA"
2008,Ryan Meissen,"Mukwonago, WI"
2008,Terrance Shea,"Cambridge, MA"
2008,Matt Levassiur,"Alamosa, CO"
2008,Zachary Schendel,"Minneapolis, MN"
2008,Aaron Sharp,"Port Hueneme, CA"
2008,Corey Stelljes,"Madison, WI"
2008,David Williams,"Milwaukee, WI"
2008,Cecil Franke,"Dublin, IN"
2008,Eric Heins,"Cape Girardeau, MO"
2008,James McGown,"Sidney, NE"
2008,Marzuki Stevens,"San Francisco, CA"
2008,Lance Parker,"Austin, TX"
2008,Jason Delaney,"Golden, CO"
2008,Michael McKeeman,"Ardmore, PA"
2008,Andy Martin,"Los Osos, CA"
2008,Trent Briney,"Rochester Hills, MI"
2008,Thomas Kutter,"Loganville, GA"
2008,Edward Baker,"Palo Alto, CA"
2008,Nick Stanko,"Haslett, MI"
2008,Chris Wehrman,"Chicago, IL"
2008,James Jurcevich,"Columbus, OH"
2008,Thomas Greenless,"Walnut Creek, CA"
2008,Pete Gilman,"Rochester, MN"
2008,Casey Moulton,"Pelham, NH"
2008,Matthew Byrne,"Philadelphia, PA"
2008,Danny Mackey,"Portland, OR"
2008,Brad Poore,"Davis, CA"
2008,Karl Dusen,"New York, NY"
2008,David Danley,"Roosevelt, UT"
2008,Christopher Banks,"Albuquerque, NM"
2008,Sean Sundwall,"Snoqualmie, WA"
2008,Jeff Jonaitis,"Tinley Park, IL"
2008,Michael Wardian,"Arlington, VA"
2008,Marc Jeuland,"Carrboro, NC"
2008,Kyle Baker,"Grand Rapids, MI"
2008,Donnie Franzen,"Chicago, IL"
2008,Jason Ryf,"Oshksoh, WI"
2008,Jonathan Little,"Kansas City, KS"
2008,Martin Rosendahl,"Rochester, MI"
2008,Nicholas McCombs,"Toquerville, UT"
2008,Ben Rosario,"St. Louis, MO"
2008,Justin Patananan,"Palmdale, CA"
2008,Antonio Arce,"Santa Clarita, CA"
2008,Steven Frisone,"Placentia, CA"
2008,Thomas McGlynn,"Burlingame, CA"
2008,Matthew Downin,"Madison, WI"
2008,Logan Fielding,"Ogden, UT"
2008,Abdi Abdirahman,"Tucson, AZ"
2008,Mbarak Hussein,"Albuquerque, NM"
2008,Edwardo Torres,"Boulder, CO"
2008,David Gramlich,"North Canton, OH"
2008,Brandon Leslie,"Albuquerque, NM"
2008,Zachary Freudenburg,"St. Louis, MO"
2008,Michael Heidt,"Shoreline, WA"
2008,Hobie Call,"Toquerville, UT"
2008,Matthew Hooley,"Madison, WI"
2008,Garick Hill,"Winston-Salem, NC"
2008,Josh Cox,"Laguna Beach, CA"
2008,Peter Gilmore,"San Mateo, CA"
2008,Alan Culpepper,"Lafayette, CO"
2008,Chris Graff,"Crofton, MD"
2008,Carlos Carballo,"Cathedral City, CA"
2008,Michael Smith,"Flagstaff, AZ"
2008,David Ernsberger,"Mt. Pleasant, MI"
2008,Nathanael Usher,"Lansing, MI"
2008,Edward Callinan,"Haddonfield, NJ"
2008,Simon Sawe,"Santa Fe, NM"
2008,Westly Keating,"Edinburg, TX"
2008,Kyle O'Brien,"Shelby Twp, MI"
2008,Dan Kahn,"Durham, NC"
2008,Sage Canaday,"Sheridan, OR"
2008,Chris Seaton,"Raleigh, NC"
2008,Gene Mitchell,"Franklin Lakes, NJ"
2008,Andrew Cook,"Denton, TX"
2008,Ryan Shay,"Flagstaff, AZ"
2004,Alan Culpepper,"Lafayette, CO"
2004,Meb Keflezighi,"San Diego, CA"
2004,Daniel Browne,"Beaverton, OR"
2004,Trent Briney,"Rochester Hills, MI"
2004,Clint Verran,"Rochester Hills, MI"
2004,Scott Larson,"Superior, CO"
2004,Josh Cox,"Murrieta, CA"
2004,Peter Gilmore,"Menlo Park, CA"
2004,Jason Lehmkuhle,"St. Paul, MN"
2004,Keith Dowling,"Reston, VA"
2004,Kevin Collins,"Albuquerque, NM"
2004,Brian Sell,"Rochester Hills, MI"
2004,Fred Kieser,"Cleveland, OH"
2004,Scott Strand,"Birmingham, AL"
2004,Steven Moreno,"Oakland, CA"
2004,Corey Creasey,"Berkeley, CA"
2004,Scott Nicholas,"Portland, OR"
2004,Conor Holt,"Norman, OK"
2004,Christopher Banks,"Alexandria, VA"
2004,Ryan Meissen,"River Falls, WI"
2004,Scott Goff,"Boulder, CO"
2004,Ryan Shay,"East Jordan, MI"
2004,Matt Sandercock,"Downingtown, PA"
2004,Carl Rundell,"Birmingham, MI"
2004,John Dimoff,"Portland, OR"
2004,Michael Cox,"Princeton, WV"
2004,Jason Ryf,"Oshkosh, WI"
2004,Kevin Taylor,"Raleigh, NC"
2004,Erik Kean,"Cheyenne, WY"
2004,Brantley Lutz,"Albuquerque, NM"
2004,Edward Callinan,"Cherry Hill, NJ"
2004,Michael Wardian,"Arlington, VA"
2004,Eric Blake,"Plattsburgh, NY"
2004,William Kabasenche,"Knoxville, TN"
2004,Christopher Wehrman,"Chicago, IL"
2004,Eric Hartmark,"Roseville, MN"
2004,Ben Rosario,"Rochester, MI"
2004,Ian Solof,"Portland, OR"
2004,Brian Clas,"Darien, CT"
2004,Mike Franko,"Rochester Hills, MI"
2004,Terrance Shea,"Rochester, MI"
2004,Nate Bowen,"Menlo Park, CA"
2004,Shawn Found,"Boulder, CO"
2004,Nick Gramsky,"McLean, VA"
2004,Richard Byrne,"Sciota, PA"
2004,Joseph Wilson,"North Ogden, UT"
2004,James McGown,"Shelton, NE"
2004,Jan Talley,"Farmington, UT"
2004,Edmund Burke,"Burtonsville, MD"
2004,Matthew Folk,"Youngstown, OH"
2004,Paul Aufdemberge,"Redford, MI"
2004,Sean Nesbitt,"Boulder, CO"
2004,Christopher Lundstrom,"San Francisco, CA"
2004,Mark Manz,"Kiel, WI"
2004,Ken Pliska,"Littleton, MA"
2004,Todd Meyer,"Rochester, NY"
2004,Alex Tilson,"Burlingame, CA"
2004,Matt Byrne,"Philadelphia, PA"
2004,Greg Wenneborg,"Tucson, AZ"
2004,Joseph Mahoney,"Madison, WI"
2004,James Jurcevich,"Dublin, OH"
2004,Trevor Pettingill,"Slc, UT"
2004,Eric Mack,"Las Vegas, NV"
2004,Mark Newman,"Germantown, TN"
2004,Filomeno Apodaca,"Las Cruces, NM"
2004,Darrell General,"Hyattsville, MD"
2004,Matthew Harmer,"Salt Lake City, UT"
2004,Jason Mayeroff,"Kunming, China, AP"
2004,Robert Busquaert,"Ray Twp, MI"
2004,Chad Worthen,"Sacramento, CA"
2004,Alfredo Vigueras,"Woodland, CA"
2004,Curtis Moore,"Riverton, UT"
2004,Aaron Church,"South Riding, VA"
2004,Weldon Johnson,"Flagstaff, AZ"
2004,David Morris,"Albuquerque, NM"
2004,Peter Julian,"Boulder, CO"
2004,Teddy Mitchell,"Albuquerque, NM"
2004,Gregory Jimmerson,"Los Altos Hills, CA"
2004,Patrick Muturi,"Thornton, CO"
2004,Peter Clusener,"Arcata, CA"
2004,Mike Donnelly,"Portland, OR"
2004,Phillimon Hanneck,"Portland, OR"
2004,Tony Fraij,"Hilliard, OH"
2004,Matthew Marcini,"York, PA"
2004,Tom McGlynn,"Burlingame, CA"
2004,Eddy Hellebuyck,"Albuquerque, NM"
2000,Rod Dehaven,"Madison, WI"
2000,Peter Delacerda,"Alamosa, CO"
2000,Mark Coogan,"Frederick, CO"
2000,Scott Larson,"Boulder, CO"
2000,Eddy Hellebuyck,"Albuquerque, NM"
2000,David Scudamore,"Davis, CA"
2000,Gary Stolz,"Belmont, CA"
2000,Jeff Campbell,"Alamosa, CO"
2000,Danny Martinez,"Alhambra, CA"
2000,Teddy Mitchell,"Alamosa, CO"
2000,Clint Verran,"Rochester Hil, MI"
2000,Kelly Mortenson,"Colorado Spri, CO"
2000,Craig Lawson,"Sandy, UT"
2000,Fred Kieser,"Lakewood, OH"
2000,Mike Dudley,"Boulder, CO"
2000,Jon Hume,"Lakewood, CO"
2000,Jeff Jacobs,"Roscoe, IL"
2000,Josh Cox,"El Cajon, CA"
2000,Tom Jeffrey,"Waynesboro, VA"
2000,Greg Wenneborg,"Tucson, AZ"
2000,Winston Alberts,"Louisville, CO"
2000,Dan Mayer,"Naperville, IL"
2000,Peter Hammer,"Newton, MA"
2000,Bob Masters,"Toledo, OH"
2000,Weldon Johnson,"Flagstaff, AZ"
2000,Christopher Langan,"Wykoff, NJ"
2000,John Dimoff,"Portland, OR"
2000,Rene Guillen,"Mission, TX"
2000,Dennis Simonaitis,"Salt Lake Cit, UT"
2000,Paul Zimmerman,"Portland, OR"
2000,Filomeno Apodaca,"Las Cruces, NM"
2000,David Marcus,"Minneapolis, MN"
2000,Dan Gough,"Newport, RI"
2000,Nicholas Watson,"Ann Arbor, MI"
2000,Darrell General,"Mitchellville, MD"
2000,Carl Nuccio,"Rockford, IL"
2000,Will Kimball,"Anchorage, AK"
2000,David Morris,"Albuquerque, NM"
2000,Danny Reed,"Laguna Niguel, CA"
2000,Mike Slinskey,"Cheswick, NY"
2000,Todd Williams,"Knoxville, TN"
2000,John Sence,"Cincinnati, OH"
2000,Eric Morrison,"Lakewood, CO"
2000,Matthew Sandercock,"Upper Darby, PA"
2000,Fred Bunn,"Grand Rapids, MI"
2000,Phil Jasperson,"Olympia, WA"
2000,Rene Sepulveda,"Dallas, TX"
2000,Michael Fitch,"Richmond, VA"
2000,Randy Ashley,"Brevard, NC"
2000,Kurt Keiser,"Omaha, NE"
2000,Thomas McGlynn,"Redwood Shore, CA"
2000,Ian Solof,"Portland, OR"
2000,Jason Bodnar,"Fort Lauderda, FL"
2000,Tony Fraij,"Grand Rapids, MI"
2000,Phillip Castillo,"Alamosa, CO"
2000,Brantley Lutz,"Albuquerque, NM"
2000,Guy Murray,"Farmington Hi, MI"
2000,Keith Brantly,"Fort Lauderda, FL"
2000,Scott Gall,"Colorado Spri, CO"
2000,Tom Redding,"Oaklyn, NJ"
2000,Joe Lemay,"Danbury, CT"
2000,Joe McVeigh,"Summit, NJ"
2000,Rob Devlin,"Columbia, SC"
2000,John Weigel,"Naperville, IL"
2000,David Honea,"Raleigh, NC"
2000,Bob Simmons,"Iowa City, IA"
2000,Brad Hudson,"Boulder, CO"
2000,Derek Olenek,"Bartlett, IL"
2000,Thomas Lentz,"Cincinnati, OH"
2000,Tim Jones,"Loveland, CO"
2000,Mark Newman,"Germantown, TN"
2000,Rob Reeder,"Los Altos Hil, CA"
2000,Carlos Paradelo,"Flagstaff, AZ"
2000,Keith Stopen,"Roseville, MI"
2000,Jerry Lawson,"Boulder, CO"
2000,Jeff Morganti,"Manlius, NY"
2000,Kevin Collins,"Indianapolis, IN"
2000,John Hill,"Bellevue, WA"
